{
  "config": {
    "docs": 5000,
    "queries": 500,
    "shard_size_mb": 32,
    "modes": [
      "memory"
    ]
  },
  "old_api": {
    "index_time_s": 47.86674779000168,
    "docs_per_sec": 104.45664748179091,
    "memory": {
      "total": "BenchmarkResult(mean_ms=19.131676792225335, std_ms=0.5192343226748807, min_ms=17.887716996483505, p50_ms=19.119487500574905, p95_ms=20.039425148570444, p99_ms=20.355663607624592, max_ms=20.68933699047193, queries_per_sec=52.269333778750465)",
      "load_time_s": 0.40586666599847376
    }
  },
  "new_api": {
    "index_time_s": 48.074989300992456,
    "docs_per_sec": 104.00418331235656,
    "memory": {
      "total": "BenchmarkResult(mean_ms=17.569457004079595, std_ms=0.5019585085143163, min_ms=16.438983991974965, p50_ms=17.561237997142598, p95_ms=18.436132447823184, p99_ms=18.748323205218185, max_ms=18.95172799413558, queries_per_sec=56.91695535996371)",
      "load_time_s": 0.2626211260067066
    }
  }
}