{
  "config": {
    "docs": 5000,
    "queries": 500,
    "shard_size_mb": 16,
    "modes": [
      "memory"
    ]
  },
  "old_api": {
    "index_time_s": 47.9725823369954,
    "docs_per_sec": 104.22620080937585,
    "memory": {
      "total": "BenchmarkResult(mean_ms=19.422758396001882, std_ms=0.5195813625262198, min_ms=18.202165003458504, p50_ms=19.398439497308573, p95_ms=20.36233164872101, p99_ms=20.673068497417262, max_ms=21.34684300108347, queries_per_sec=51.48599285495139)",
      "load_time_s": 0.25807128500309773
    }
  },
  "new_api": {
    "index_time_s": 48.217654762003804,
    "docs_per_sec": 103.69645775347976,
    "memory": {
      "total": "BenchmarkResult(mean_ms=80.70363374383305, std_ms=11.671507787057331, min_ms=74.57432599767344, p50_ms=81.14520950402948, p95_ms=83.96611995376588, p99_ms=86.36182293084858, max_ms=262.3298229955253, queries_per_sec=12.39101578962564)",
      "load_time_s": 0.28522801399958553
    }
  }
}