{
  "config": {
    "num_docs": 5000,
    "num_queries": 500,
    "shard_size_mb": 8,
    "modes": [
      "memory"
    ],
    "workers": [
      1,
      2,
      4
    ],
    "return_text": false,
    "label": "5000docs_8mb"
  },
  "old_api": {
    "index_time_s": 47.853692101998604,
    "docs_per_sec": 104.48514587636542,
    "modes": {
      "memory": {
        "1": {
          "total": "BenchmarkResult(mean_ms=19.23252415994648, std_ms=0.6527165689406746, min_ms=18.00788499531336, p50_ms=19.22859949991107, p95_ms=20.115705393254757, p99_ms=20.567013165709795, max_ms=27.83782299957238, queries_per_sec=51.99525510450641)",
          "load_time_s": 0.38480644099763595
        },
        "2": {
          "total": "BenchmarkResult(mean_ms=245.36518698566942, std_ms=28.315809787674926, min_ms=232.2232489968883, p50_ms=241.98537450138247, p95_ms=250.30438516114373, p99_ms=416.5001374571875, max_ms=580.2997629944002, queries_per_sec=4.075557793202363)",
          "load_time_s": 0.10336235900467727
        },
        "4": {
          "total": "BenchmarkResult(mean_ms=278.5547199860157, std_ms=19.8753224597816, min_ms=266.27375300449785, p50_ms=276.66951050196076, p95_ms=286.6551376951975, p99_ms=292.96593362014386, max_ms=632.6310450094752, queries_per_sec=3.5899589138184522)",
          "load_time_s": 0.10413875299855135
        }
      }
    }
  },
  "new_api": {
    "index_time_s": 48.125245885996264,
    "docs_per_sec": 103.89557306043659,
    "modes": {
      "memory": {
        "1": {
          "total": "BenchmarkResult(mean_ms=18.451694129616953, std_ms=0.5213418566501774, min_ms=17.354427996906452, p50_ms=18.431084004987497, p95_ms=19.29553405425395, p99_ms=19.851335197599834, max_ms=20.65529399260413, queries_per_sec=54.195565619901124)",
          "load_time_s": 0.26801244998932816
        },
        "2": {
          "total": "BenchmarkResult(mean_ms=18.982599029986886, std_ms=0.561922289505933, min_ms=17.785670002922416, p50_ms=18.95072450133739, p95_ms=19.915457947354298, p99_ms=20.2701068589522, max_ms=22.48534200771246, queries_per_sec=52.67982526630289)",
          "load_time_s": 0.09708596300333738
        },
        "4": {
          "total": "BenchmarkResult(mean_ms=19.244442941999296, std_ms=0.6148569626466057, min_ms=17.814521008403972, p50_ms=19.219779496779665, p95_ms=20.163366595079424, p99_ms=21.04778631051886, max_ms=23.420004989020526, queries_per_sec=51.963052555685486)",
          "load_time_s": 0.09768736599653494
        }
      }
    }
  }
}