{
  "config": {
    "num_docs": 1000,
    "num_queries": 1,
    "shard_size_mb": 32,
    "modes": [
      "memory"
    ],
    "workers": [
      1
    ],
    "return_text": false,
    "label": "1000docs_32mb"
  },
  "old_api": {
    "index_time_s": 9.620408910996048,
    "docs_per_sec": 103.94568559939363,
    "modes": {
      "memory": {
        "1": {
          "total": "BenchmarkResult(mean_ms=4.05320200661663, std_ms=0.0, min_ms=4.05320200661663, p50_ms=4.05320200661663, p95_ms=4.05320200661663, p99_ms=4.05320200661663, max_ms=4.05320200661663, queries_per_sec=246.71851991772306)",
          "load_time_s": 0.061662416002945974
        }
      }
    }
  },
  "new_api": {
    "index_time_s": 10.152371973003028,
    "docs_per_sec": 98.49914903228317,
    "modes": {
      "memory": {
        "1": {
          "total": "BenchmarkResult(mean_ms=86.54242499324027, std_ms=0.0, min_ms=86.54242499324027, p50_ms=86.54242499324027, p95_ms=86.54242499324027, p99_ms=86.54242499324027, max_ms=86.54242499324027, queries_per_sec=11.555026336251945)",
          "load_time_s": 0.08133843699761201
        }
      }
    }
  }
}